Currency,In-game conversion,Chaos value external,Sale,Benefits
Portal,0.3333333333,0.0133,0.004433333333,0
Transmutation,0.1428571429,0.025,0.003571428571,-0.009728571429
Augmentation,0.25,0.025,0.00625,-0.01875
Altération,0.25,0.833,0.20825,0.18325
Jeweller,0.5,0.625,0.3125,-0.5205
Fusing,0.25,0.2857,0.071425,-0.553575
Chance,1,0.0083,0.0083,-0.2774
Scouring,0.25,0.286,0.0715,0.0632
Regret,0.5,0.1538,0.0769,-0.2091
Alchemy,0.5,0.333,0.1665,0.0127